epoch,accuracy,loss,val_accuracy,val_loss,learning_rate
1,0.7068,0.8064,0.3053,3.0263,0.0010
2,0.7788,0.5696,0.3945,2.0052,0.0010
3,0.8011,0.5182,0.5645,1.3806,0.0010
4,0.8094,0.4897,0.8268,0.4387,0.0010
5,0.8199,0.4652,0.6609,0.9309,0.0010
6,0.8177,0.4618,0.8043,0.5130,0.0010
7,0.8353,0.4241,0.7623,0.7398,0.0010
8,0.8523,0.3916,0.8350,0.4310,5.0000e-04
9,0.8449,0.3941,0.8648,0.3448,5.0000e-04
10,0.8585,0.3624,0.8648,0.3393,5.0000e-04
11,0.8557,0.3737,0.7582,1.0572,5.0000e-04
12,0.8608,0.3530,0.8852,0.3193,5.0000e-04
13,0.8657,0.3469,0.8391,0.3901,5.0000e-04
14,0.8690,0.3451,0.8391,0.4242,5.0000e-04
15,0.8675,0.3481,0.8166,0.5176,5.0000e-04
16,0.8824,0.3132,0.8924,0.2794,2.5000e-04
17,0.8825,0.3127,0.8791,0.3021,2.5000e-04
18,0.8929,0.2892,0.8832,0.2806,2.5000e-04
19,0.8885,0.2903,0.8934,0.2592,2.5000e-04
20,0.8923,0.2872,0.9068,0.2399,2.5000e-04
21,0.8945,0.2872,0.9006,0.2670,2.5000e-04
22,0.8967,0.2812,0.9139,0.2137,2.5000e-04
23,0.9030,0.2690,0.9098,0.2233,2.5000e-04
24,0.9037,0.2654,0.9160,0.2284,2.5000e-04
25,0.9021,0.2698,0.8432,0.6371,2.5000e-04
26,0.9070,0.2615,0.9283,0.1893,1.2500e-04
27,0.9142,0.2445,0.9170,0.2020,1.2500e-04
28,0.9113,0.2441,0.9273,0.1867,1.2500e-04
29,0.9153,0.2339,0.9293,0.1895,1.2500e-04
30,0.9157,0.2244,0.9211,0.2053,1.2500e-04
31,0.9195,0.2286,0.9293,0.1787,1.2500e-04
32,0.9169,0.2292,0.9355,0.1705,1.2500e-04
33,0.9209,0.2184,0.9334,0.1819,1.2500e-04
34,0.9213,0.2224,0.9375,0.1775,1.2500e-04
35,0.9214,0.2206,0.9242,0.1787,1.2500e-04
36,0.9238,0.2108,0.9344,0.1607,6.2500e-05
37,0.9289,0.2055,0.9385,0.1613,6.2500e-05
38,0.9314,0.1917,0.9344,0.1590,6.2500e-05
39,0.9280,0.1983,0.9314,0.1648,6.2500e-05
40,0.9222,0.2081,0.9395,0.1519,6.2500e-05
41,0.9294,0.1950,0.9293,0.1803,6.2500e-05
42,0.9294,0.1949,0.9344,0.1715,6.2500e-05
43,0.9316,0.1905,0.9395,0.1621,6.2500e-05
44,0.9294,0.1870,0.9395,0.1465,3.1250e-05
45,0.9348,0.1825,0.9385,0.1502,3.1250e-05
46,0.9343,0.1843,0.9395,0.1573,3.1250e-05
47,0.9325,0.1846,0.9416,0.1463,3.1250e-05
48,0.9365,0.1818,0.9385,0.1481,3.1250e-05
49,0.9321,0.1830,0.9436,0.1514,3.1250e-05
50,0.9388,0.1752,0.9436,0.1475,3.1250e-05
51,0.9401,0.1721,0.9436,0.1391,1.5625e-05
52,0.9394,0.1622,0.9457,0.1400,1.5625e-05
53,0.9365,0.1744,0.9416,0.1394,1.5625e-05
54,0.9399,0.1666,0.9426,0.1390,1.5625e-05
55,0.9395,0.1687,0.9436,0.1402,1.5625e-05
56,0.9374,0.1699,0.9436,0.1412,1.5625e-05
57,0.9419,0.1687,0.9426,0.1432,1.5625e-05
58,0.9423,0.1604,0.9447,0.1392,7.8125e-06
59,0.9397,0.1651,0.9457,0.1397,7.8125e-06
60,0.9452,0.1603,0.9436,0.1412,7.8125e-06
61,0.9379,0.1702,0.9436,0.1387,3.9063e-06
62,0.9437,0.1678,0.9436,0.1383,3.9063e-06
63,0.9441,0.1639,0.9426,0.1378,3.9063e-06
64,0.9430,0.1610,0.9467,0.1378,3.9063e-06
65,0.9397,0.1610,0.9457,0.1366,3.9063e-06
66,0.9415,0.1624,0.9457,0.1347,3.9063e-06
67,0.9424,0.1626,0.9467,0.1356,3.9063e-06
68,0.9426,0.1602,0.9457,0.1357,3.9063e-06
69,0.9421,0.1678,0.9457,0.1351,3.9063e-06
70,0.9421,0.1628,0.9467,0.1361,1.9531e-06
71,0.9415,0.1673,0.9477,0.1357,1.9531e-06
72,0.9405,0.1607,0.9447,0.1354,1.9531e-06
73,0.9453,0.1574,0.9467,0.1364,1.0000e-06
74,0.9430,0.1628,0.9457,0.1358,1.0000e-06
